[{"model": "contenttypes.contenttype", "pk": 1, "fields": {"app_label": "admin", "model": "logentry"}}, {"model": "contenttypes.contenttype", "pk": 2, "fields": {"app_label": "auth", "model": "permission"}}, {"model": "contenttypes.contenttype", "pk": 3, "fields": {"app_label": "auth", "model": "group"}}, {"model": "contenttypes.contenttype", "pk": 4, "fields": {"app_label": "auth", "model": "user"}}, {"model": "contenttypes.contenttype", "pk": 5, "fields": {"app_label": "contenttypes", "model": "contenttype"}}, {"model": "contenttypes.contenttype", "pk": 6, "fields": {"app_label": "sessions", "model": "session"}}, {"model": "contenttypes.contenttype", "pk": 7, "fields": {"app_label": "authtoken", "model": "token"}}, {"model": "contenttypes.contenttype", "pk": 8, "fields": {"app_label": "ecommerceapi", "model": "customer"}}, {"model": "contenttypes.contenttype", "pk": 9, "fields": {"app_label": "ecommerceapi", "model": "paymenttype"}}, {"model": "contenttypes.contenttype", "pk": 10, "fields": {"app_label": "ecommerceapi", "model": "order"}}, {"model": "contenttypes.contenttype", "pk": 11, "fields": {"app_label": "ecommerceapi", "model": "producttype"}}, {"model": "contenttypes.contenttype", "pk": 12, "fields": {"app_label": "ecommerceapi", "model": "product"}}, {"model": "contenttypes.contenttype", "pk": 13, "fields": {"app_label": "ecommerceapi", "model": "orderproduct"}}, {"model": "ecommerceapi.paymenttype", "pk": 1, "fields": {"deleted": null, "merchant_name": "Jakes Jewelry", "account_number": "1234123443211234", "expiration_date": "2024-01-01", "customer": 1, "created_at": "2020-02-19T00:00:00Z"}}, {"model": "ecommerceapi.paymenttype", "pk": 2, "fields": {"deleted": null, "merchant_name": "Pam's Plants", "account_number": "5555666677778888", "expiration_date": "2025-03-01", "customer": 2, "created_at": "2020-03-29T00:00:00Z"}}, {"model": "ecommerceapi.paymenttype", "pk": 3, "fields": {"deleted": null, "merchant_name": "Greg's Grains", "account_number": "4355480823427753", "expiration_date": "2022-06-01", "customer": 3, "created_at": "2020-04-20T00:00:00Z"}}, {"model": "ecommerceapi.paymenttype", "pk": 8, "fields": {"deleted": null, "merchant_name": "new one", "account_number": "1122334455667788", "expiration_date": "2021-02-01", "customer": 6, "created_at": "2020-05-29T15:19:22.978Z"}}, {"model": "ecommerceapi.paymenttype", "pk": 11, "fields": {"deleted": null, "merchant_name": "Busted Ass CC Company", "account_number": "1111222233334444", "expiration_date": "2022-07-01", "customer": 4, "created_at": "2020-06-04T19:11:43.929Z"}}, {"model": "ecommerceapi.order", "pk": 1, "fields": {"customer": 1, "payment_type": 1, "created_at": "2017-09-23T14:06:30.047Z"}}, {"model": "ecommerceapi.order", "pk": 2, "fields": {"customer": 2, "payment_type": 2, "created_at": "2018-09-23T14:06:30.047Z"}}, {"model": "ecommerceapi.order", "pk": 3, "fields": {"customer": 3, "payment_type": null, "created_at": "2019-09-23T14:06:30.047Z"}}, {"model": "ecommerceapi.order", "pk": 4, "fields": {"customer": 4, "payment_type": 2, "created_at": "2020-05-27T18:56:55.185Z"}}, {"model": "ecommerceapi.order", "pk": 7, "fields": {"customer": 4, "payment_type": 6, "created_at": "2020-05-28T20:52:07.857Z"}}, {"model": "ecommerceapi.order", "pk": 9, "fields": {"customer": 5, "payment_type": null, "created_at": "2020-05-29T14:43:06.855Z"}}, {"model": "ecommerceapi.order", "pk": 10, "fields": {"customer": 6, "payment_type": 7, "created_at": "2020-05-29T15:14:26.248Z"}}, {"model": "ecommerceapi.order", "pk": 11, "fields": {"customer": 6, "payment_type": 8, "created_at": "2020-05-29T15:15:33.652Z"}}, {"model": "ecommerceapi.order", "pk": 12, "fields": {"customer": 6, "payment_type": 8, "created_at": "2020-05-29T15:20:27.222Z"}}, {"model": "ecommerceapi.order", "pk": 18, "fields": {"customer": 4, "payment_type": 9, "created_at": "2020-06-03T18:04:19.729Z"}}, {"model": "ecommerceapi.order", "pk": 21, "fields": {"customer": 4, "payment_type": 11, "created_at": "2020-06-05T15:03:12.488Z"}}, {"model": "ecommerceapi.producttype", "pk": 1, "fields": {"name": "Sporting Goods"}}, {"model": "ecommerceapi.producttype", "pk": 2, "fields": {"name": "Party Supplies"}}, {"model": "ecommerceapi.producttype", "pk": 3, "fields": {"name": "Apocalypse Supplies"}}, {"model": "ecommerceapi.product", "pk": 1, "fields": {"deleted": null, "title": "Calligraphy Starter Kit", "customer": 2, "price": "33.84", "description": "The 'No Fuss Calligraphy Starter Kit' (Includes calligraphy pen) Written, and featuring calligraphy by Ashley Gardner of Printable Wisdom", "quantity": 87, "location": "San Francisco", "image_path": "calligraphy.jpg", "created_at": "2020-01-11T00:00:00Z", "product_type": 3}}, {"model": "ecommerceapi.product", "pk": 2, "fields": {"deleted": null, "title": "Gray linen tea towels", "customer": 3, "price": "18.20", "description": "Lightweight and breathable natural linen tea towel lessens the burden of everyday chores and is quick-drying for easy use.", "quantity": 71, "location": "Chicago", "image_path": "teatowels.jpg", "created_at": "2019-08-12T00:00:00Z", "product_type": 1}}, {"model": "ecommerceapi.product", "pk": 3, "fields": {"deleted": null, "title": "Personalized Laser Engraved Metal Buckle Dog Collar", "customer": 1, "price": "22.60", "description": "These Personalized dog collars are 100% handmade in the US! They are durable due to the zinc alloy metal buckle, slide-adjuster and large gauge D-ring, as well as our soft, yet heavyweight COTTON canvas webbing strap that measures 1 1/4 inch wide. We ensure a long-lasting collar and are also 100% satisfaction guaranteed. These custom pet collars are laser-engraved on the the font of your metal buckle; the text will appear matte white/light gray as seen in the photos.", "quantity": 47, "location": "Dubai", "image_path": "dogcollar.jpg", "created_at": "2020-01-18T00:00:00Z", "product_type": 2}}, {"model": "ecommerceapi.product", "pk": 6, "fields": {"deleted": null, "title": "Plant", "customer": 1, "price": "2000.00", "description": "Big ass plant", "quantity": 17, "location": "Space", "image_path": "plant.png", "created_at": "2020-05-14T00:00:00Z", "product_type": 2}}, {"model": "ecommerceapi.product", "pk": 28, "fields": {"deleted": null, "title": "Sombrero", "customer": 4, "price": "12.00", "description": "Big ass hat", "quantity": 6995, "location": "Mexico of course", "image_path": "sombrero.jpg", "created_at": "2020-05-28T00:00:00Z", "product_type": 2}}, {"model": "ecommerceapi.product", "pk": 30, "fields": {"deleted": null, "title": "Hurricane", "customer": 4, "price": "30.00", "description": "Big ass rainstorm", "quantity": -1, "location": "Florida", "image_path": "hurricane.jpg", "created_at": "2020-05-29T00:00:00Z", "product_type": 3}}, {"model": "ecommerceapi.product", "pk": 32, "fields": {"deleted": null, "title": "Hot Dogs", "customer": 4, "price": "600.00", "description": "4 dogs", "quantity": 1, "location": "The Streets", "image_path": "hotdogs.jpg", "created_at": "2020-05-29T00:00:00Z", "product_type": 2}}, {"model": "ecommerceapi.product", "pk": 33, "fields": {"deleted": null, "title": "Dogito", "customer": 4, "price": "6000.00", "description": "Small doggo w hat", "quantity": -3, "location": "South of the border", "image_path": "dogwithhat.jpg", "created_at": "2020-05-29T00:00:00Z", "product_type": 2}}, {"model": "ecommerceapi.product", "pk": 37, "fields": {"deleted": null, "title": "Hot Dogs", "customer": 4, "price": "3.00", "description": "Dogs that are hot", "quantity": 6, "location": "Somewhere hot", "image_path": "icedog.jpg", "created_at": "2020-05-29T00:00:00Z", "product_type": 3}}, {"model": "ecommerceapi.product", "pk": 38, "fields": {"deleted": null, "title": "Large dog", "customer": 6, "price": "5000.00", "description": "Big Party Boy", "quantity": 0, "location": "Here", "image_path": "huge-dog.jpg", "created_at": "2020-05-29T00:00:00Z", "product_type": 2}}, {"model": "ecommerceapi.product", "pk": 43, "fields": {"deleted": null, "title": "Dog plant", "customer": 4, "price": "4000.00", "description": "Plant that looks like a dog", "quantity": 25, "location": "Dog Heaven", "image_path": "dogplant.jpg", "created_at": "2020-06-03T00:00:00Z", "product_type": 1}}, {"model": "ecommerceapi.product", "pk": 51, "fields": {"deleted": null, "title": "Frank", "customer": 4, "price": "10000.00", "description": "Frank Costanza", "quantity": -2, "location": "", "image_path": "frankcostanza.jpg", "created_at": "2020-06-04T00:00:00Z", "product_type": 2}}, {"model": "ecommerceapi.product", "pk": 52, "fields": {"deleted": null, "title": "Franks", "customer": 4, "price": "12.00", "description": "6 Franks", "quantity": 300, "location": "Frankfurt", "image_path": "franks.jpg", "created_at": "2020-06-04T00:00:00Z", "product_type": 2}}, {"model": "ecommerceapi.product", "pk": 53, "fields": {"deleted": null, "title": "Frankfurt", "customer": 4, "price": "3.00", "description": "Big ass German city", "quantity": 1, "location": "Frankfurt", "image_path": "frankfurt.jpeg", "created_at": "2020-06-04T00:00:00Z", "product_type": 1}}, {"model": "ecommerceapi.product", "pk": 54, "fields": {"deleted": null, "title": "Hot Dog Heater", "customer": 4, "price": "30.00", "description": "Make your hot dogs hot", "quantity": 40, "location": "", "image_path": "toaster.png", "created_at": "2020-06-04T00:00:00Z", "product_type": 2}}, {"model": "ecommerceapi.product", "pk": 55, "fields": {"deleted": null, "title": "Hot Dog Jr.", "customer": 4, "price": "500.00", "description": "Hot pup trying to cool down!", "quantity": 4, "location": "Frankfurt", "image_path": "hothusky.jpg", "created_at": "2020-06-04T00:00:00Z", "product_type": 1}}, {"model": "ecommerceapi.product", "pk": 56, "fields": {"deleted": null, "title": "Hot Dog Freezer", "customer": 4, "price": "9999.99", "description": "Cool down your dogs to maximize storage time. This thing is actually listed on the real internet for $39,000 and I can't imagine what in gods name a $39k freezer does.", "quantity": 25, "location": "Frankfort", "image_path": "freezer.png", "created_at": "2020-06-04T00:00:00Z", "product_type": 3}}, {"model": "ecommerceapi.product", "pk": 58, "fields": {"deleted": null, "title": "Hot Dog Cart", "customer": 4, "price": "400.00", "description": "Nice cart to tote and sell your dogs", "quantity": 7, "location": "", "image_path": "cart.png", "created_at": "2020-06-04T00:00:00Z", "product_type": 1}}, {"model": "ecommerceapi.product", "pk": 63, "fields": {"deleted": null, "title": "Hot Dog Dog Suit", "customer": 4, "price": "40.00", "description": "Hot dog suit which makes your dog to look like a hot dog. Or if you have a keen eye, you'll notice that it's actually just your dog looking like a dog wearing a hot dog suit made for dogs to look like hot dogs. Only available in small size. Hot dogs are pretty small. Would be unreasonable to dress a large dog as a hot dog. Everyone knows that.", "quantity": 3000, "location": "", "image_path": "hotdogdog.jpg", "created_at": "2020-06-04T00:00:00Z", "product_type": 2}}, {"model": "ecommerceapi.product", "pk": 64, "fields": {"deleted": null, "title": "Cold Dog", "customer": 4, "price": "50.00", "description": "This dog cold af", "quantity": 600, "location": "", "image_path": "colddog.jpg", "created_at": "2020-06-04T00:00:00Z", "product_type": 3}}, {"model": "ecommerceapi.product", "pk": 65, "fields": {"deleted": null, "title": "Hot Dogtopus", "customer": 4, "price": "900.00", "description": "Can't decide between hot dogs and seafood? Look no further fam.", "quantity": 4, "location": "", "image_path": "hotdogoctopus.jpg", "created_at": "2020-06-04T00:00:00Z", "product_type": 2}}, {"model": "ecommerceapi.orderproduct", "pk": 1, "fields": {"order": 1, "product": 1}}, {"model": "ecommerceapi.orderproduct", "pk": 2, "fields": {"order": 1, "product": 2}}, {"model": "ecommerceapi.orderproduct", "pk": 3, "fields": {"order": 2, "product": 1}}, {"model": "ecommerceapi.orderproduct", "pk": 4, "fields": {"order": 2, "product": 6}}, {"model": "ecommerceapi.orderproduct", "pk": 5, "fields": {"order": 2, "product": 6}}, {"model": "ecommerceapi.orderproduct", "pk": 6, "fields": {"order": 3, "product": 3}}, {"model": "ecommerceapi.orderproduct", "pk": 11, "fields": {"order": 4, "product": 6}}, {"model": "ecommerceapi.orderproduct", "pk": 13, "fields": {"order": 5, "product": 6}}, {"model": "ecommerceapi.orderproduct", "pk": 14, "fields": {"order": 5, "product": 27}}, {"model": "ecommerceapi.orderproduct", "pk": 16, "fields": {"order": 5, "product": 6}}, {"model": "ecommerceapi.orderproduct", "pk": 17, "fields": {"order": 5, "product": 28}}, {"model": "ecommerceapi.orderproduct", "pk": 18, "fields": {"order": 6, "product": 27}}, {"model": "ecommerceapi.orderproduct", "pk": 19, "fields": {"order": 6, "product": 28}}, {"model": "ecommerceapi.orderproduct", "pk": 20, "fields": {"order": 6, "product": 6}}, {"model": "ecommerceapi.orderproduct", "pk": 24, "fields": {"order": 7, "product": 32}}, {"model": "ecommerceapi.orderproduct", "pk": 25, "fields": {"order": 7, "product": 33}}, {"model": "ecommerceapi.orderproduct", "pk": 26, "fields": {"order": 7, "product": 6}}, {"model": "ecommerceapi.orderproduct", "pk": 28, "fields": {"order": 9, "product": 33}}, {"model": "ecommerceapi.orderproduct", "pk": 29, "fields": {"order": 9, "product": 6}}, {"model": "ecommerceapi.orderproduct", "pk": 30, "fields": {"order": 10, "product": 33}}, {"model": "ecommerceapi.orderproduct", "pk": 31, "fields": {"order": 10, "product": 6}}, {"model": "ecommerceapi.orderproduct", "pk": 32, "fields": {"order": 10, "product": 31}}, {"model": "ecommerceapi.orderproduct", "pk": 33, "fields": {"order": 11, "product": 37}}, {"model": "ecommerceapi.orderproduct", "pk": 35, "fields": {"order": 11, "product": 33}}, {"model": "ecommerceapi.orderproduct", "pk": 36, "fields": {"order": 11, "product": 32}}, {"model": "ecommerceapi.orderproduct", "pk": 37, "fields": {"order": 11, "product": 32}}, {"model": "ecommerceapi.orderproduct", "pk": 38, "fields": {"order": 11, "product": 3}}, {"model": "ecommerceapi.orderproduct", "pk": 39, "fields": {"order": 11, "product": 3}}, {"model": "ecommerceapi.orderproduct", "pk": 40, "fields": {"order": 11, "product": 3}}, {"model": "ecommerceapi.orderproduct", "pk": 41, "fields": {"order": 12, "product": 38}}, {"model": "ecommerceapi.orderproduct", "pk": 43, "fields": {"order": 8, "product": 31}}, {"model": "ecommerceapi.orderproduct", "pk": 44, "fields": {"order": 8, "product": 6}}, {"model": "ecommerceapi.orderproduct", "pk": 45, "fields": {"order": 8, "product": 37}}, {"model": "ecommerceapi.orderproduct", "pk": 48, "fields": {"order": 13, "product": 31}}, {"model": "ecommerceapi.orderproduct", "pk": 49, "fields": {"order": 13, "product": 33}}, {"model": "ecommerceapi.orderproduct", "pk": 52, "fields": {"order": 16, "product": 31}}, {"model": "ecommerceapi.orderproduct", "pk": 53, "fields": {"order": 16, "product": 32}}, {"model": "ecommerceapi.orderproduct", "pk": 54, "fields": {"order": 16, "product": 32}}, {"model": "ecommerceapi.orderproduct", "pk": 55, "fields": {"order": 17, "product": 31}}, {"model": "ecommerceapi.orderproduct", "pk": 56, "fields": {"order": 18, "product": 28}}, {"model": "ecommerceapi.orderproduct", "pk": 57, "fields": {"order": 18, "product": 28}}, {"model": "ecommerceapi.orderproduct", "pk": 58, "fields": {"order": 18, "product": 28}}, {"model": "ecommerceapi.orderproduct", "pk": 89, "fields": {"order": 21, "product": 51}}, {"model": "ecommerceapi.orderproduct", "pk": 90, "fields": {"order": 21, "product": 51}}, {"model": "ecommerceapi.orderproduct", "pk": 91, "fields": {"order": 21, "product": 51}}, {"model": "auth.permission", "pk": 1, "fields": {"name": "Can add log entry", "content_type": 1, "codename": "add_logentry"}}, {"model": "auth.permission", "pk": 2, "fields": {"name": "Can change log entry", "content_type": 1, "codename": "change_logentry"}}, {"model": "auth.permission", "pk": 3, "fields": {"name": "Can delete log entry", "content_type": 1, "codename": "delete_logentry"}}, {"model": "auth.permission", "pk": 4, "fields": {"name": "Can view log entry", "content_type": 1, "codename": "view_logentry"}}, {"model": "auth.permission", "pk": 5, "fields": {"name": "Can add permission", "content_type": 2, "codename": "add_permission"}}, {"model": "auth.permission", "pk": 6, "fields": {"name": "Can change permission", "content_type": 2, "codename": "change_permission"}}, {"model": "auth.permission", "pk": 7, "fields": {"name": "Can delete permission", "content_type": 2, "codename": "delete_permission"}}, {"model": "auth.permission", "pk": 8, "fields": {"name": "Can view permission", "content_type": 2, "codename": "view_permission"}}, {"model": "auth.permission", "pk": 9, "fields": {"name": "Can add group", "content_type": 3, "codename": "add_group"}}, {"model": "auth.permission", "pk": 10, "fields": {"name": "Can change group", "content_type": 3, "codename": "change_group"}}, {"model": "auth.permission", "pk": 11, "fields": {"name": "Can delete group", "content_type": 3, "codename": "delete_group"}}, {"model": "auth.permission", "pk": 12, "fields": {"name": "Can view group", "content_type": 3, "codename": "view_group"}}, {"model": "auth.permission", "pk": 13, "fields": {"name": "Can add user", "content_type": 4, "codename": "add_user"}}, {"model": "auth.permission", "pk": 14, "fields": {"name": "Can change user", "content_type": 4, "codename": "change_user"}}, {"model": "auth.permission", "pk": 15, "fields": {"name": "Can delete user", "content_type": 4, "codename": "delete_user"}}, {"model": "auth.permission", "pk": 16, "fields": {"name": "Can view user", "content_type": 4, "codename": "view_user"}}, {"model": "auth.permission", "pk": 17, "fields": {"name": "Can add content type", "content_type": 5, "codename": "add_contenttype"}}, {"model": "auth.permission", "pk": 18, "fields": {"name": "Can change content type", "content_type": 5, "codename": "change_contenttype"}}, {"model": "auth.permission", "pk": 19, "fields": {"name": "Can delete content type", "content_type": 5, "codename": "delete_contenttype"}}, {"model": "auth.permission", "pk": 20, "fields": {"name": "Can view content type", "content_type": 5, "codename": "view_contenttype"}}, {"model": "auth.permission", "pk": 21, "fields": {"name": "Can add session", "content_type": 6, "codename": "add_session"}}, {"model": "auth.permission", "pk": 22, "fields": {"name": "Can change session", "content_type": 6, "codename": "change_session"}}, {"model": "auth.permission", "pk": 23, "fields": {"name": "Can delete session", "content_type": 6, "codename": "delete_session"}}, {"model": "auth.permission", "pk": 24, "fields": {"name": "Can view session", "content_type": 6, "codename": "view_session"}}, {"model": "auth.permission", "pk": 25, "fields": {"name": "Can add Token", "content_type": 7, "codename": "add_token"}}, {"model": "auth.permission", "pk": 26, "fields": {"name": "Can change Token", "content_type": 7, "codename": "change_token"}}, {"model": "auth.permission", "pk": 27, "fields": {"name": "Can delete Token", "content_type": 7, "codename": "delete_token"}}, {"model": "auth.permission", "pk": 28, "fields": {"name": "Can view Token", "content_type": 7, "codename": "view_token"}}, {"model": "auth.permission", "pk": 29, "fields": {"name": "Can add customer", "content_type": 8, "codename": "add_customer"}}, {"model": "auth.permission", "pk": 30, "fields": {"name": "Can change customer", "content_type": 8, "codename": "change_customer"}}, {"model": "auth.permission", "pk": 31, "fields": {"name": "Can delete customer", "content_type": 8, "codename": "delete_customer"}}, {"model": "auth.permission", "pk": 32, "fields": {"name": "Can view customer", "content_type": 8, "codename": "view_customer"}}, {"model": "auth.permission", "pk": 33, "fields": {"name": "Can add payment type", "content_type": 9, "codename": "add_paymenttype"}}, {"model": "auth.permission", "pk": 34, "fields": {"name": "Can change payment type", "content_type": 9, "codename": "change_paymenttype"}}, {"model": "auth.permission", "pk": 35, "fields": {"name": "Can delete payment type", "content_type": 9, "codename": "delete_paymenttype"}}, {"model": "auth.permission", "pk": 36, "fields": {"name": "Can view payment type", "content_type": 9, "codename": "view_paymenttype"}}, {"model": "auth.permission", "pk": 37, "fields": {"name": "Can add order", "content_type": 10, "codename": "add_order"}}, {"model": "auth.permission", "pk": 38, "fields": {"name": "Can change order", "content_type": 10, "codename": "change_order"}}, {"model": "auth.permission", "pk": 39, "fields": {"name": "Can delete order", "content_type": 10, "codename": "delete_order"}}, {"model": "auth.permission", "pk": 40, "fields": {"name": "Can view order", "content_type": 10, "codename": "view_order"}}, {"model": "auth.permission", "pk": 41, "fields": {"name": "Can add product type", "content_type": 11, "codename": "add_producttype"}}, {"model": "auth.permission", "pk": 42, "fields": {"name": "Can change product type", "content_type": 11, "codename": "change_producttype"}}, {"model": "auth.permission", "pk": 43, "fields": {"name": "Can delete product type", "content_type": 11, "codename": "delete_producttype"}}, {"model": "auth.permission", "pk": 44, "fields": {"name": "Can view product type", "content_type": 11, "codename": "view_producttype"}}, {"model": "auth.permission", "pk": 45, "fields": {"name": "Can add product", "content_type": 12, "codename": "add_product"}}, {"model": "auth.permission", "pk": 46, "fields": {"name": "Can change product", "content_type": 12, "codename": "change_product"}}, {"model": "auth.permission", "pk": 47, "fields": {"name": "Can delete product", "content_type": 12, "codename": "delete_product"}}, {"model": "auth.permission", "pk": 48, "fields": {"name": "Can view product", "content_type": 12, "codename": "view_product"}}, {"model": "auth.permission", "pk": 49, "fields": {"name": "Can add order product", "content_type": 13, "codename": "add_orderproduct"}}, {"model": "auth.permission", "pk": 50, "fields": {"name": "Can change order product", "content_type": 13, "codename": "change_orderproduct"}}, {"model": "auth.permission", "pk": 51, "fields": {"name": "Can delete order product", "content_type": 13, "codename": "delete_orderproduct"}}, {"model": "auth.permission", "pk": 52, "fields": {"name": "Can view order product", "content_type": 13, "codename": "view_orderproduct"}}, {"model": "auth.user", "pk": 1, "fields": {"password": "pbkdf2_sha256$150000$10yCtpQpDTEI$PwDkDJvyKpH7xSLQhOXl2yY7t3yxu59/l6eEtDT0Hm8=", "last_login": null, "is_superuser": false, "username": "hr_fred", "first_name": "Fred", "last_name": "Jones", "email": "fred@bangazon.com", "is_staff": false, "is_active": true, "date_joined": "2019-09-23T14:06:30.047Z", "groups": [], "user_permissions": []}}, {"model": "auth.user", "pk": 2, "fields": {"password": "pbkdf2_sha256$150000$10yCtpQpDTEI$PwDkDJvyKpH7xSLQhOXl2yY7t3yxu59/l6eEtDT0Hm8=", "last_login": null, "is_superuser": false, "username": "dab", "first_name": "Dancy", "last_name": "Abernaty", "email": "dancy@bangazon.com", "is_staff": false, "is_active": true, "date_joined": "2018-09-23T14:06:30.047Z", "groups": [], "user_permissions": []}}, {"model": "auth.user", "pk": 3, "fields": {"password": "pbkdf2_sha256$150000$10yCtpQpDTEI$PwDkDJvyKpH7xSLQhOXl2yY7t3yxu59/l6eEtDT0Hm8=", "last_login": null, "is_superuser": false, "username": "harv", "first_name": "Harvy", "last_name": "Vance", "email": "harvy@bangazon.com", "is_staff": false, "is_active": true, "date_joined": "2017-09-23T14:06:30.047Z", "groups": [], "user_permissions": []}}, {"model": "auth.user", "pk": 4, "fields": {"password": "pbkdf2_sha256$180000$qtIwYsQtvZ03$kaUPlAMp0kDyBXUQ9VXd6+Ji9j2sLPf2sJDDxcwMKbA=", "last_login": null, "is_superuser": false, "username": "Kitty Baby", "first_name": "Cat", "last_name": "Baby", "email": "kb@kittybae.com", "is_staff": false, "is_active": true, "date_joined": "2020-05-26T20:17:49.561Z", "groups": [], "user_permissions": []}}, {"model": "auth.user", "pk": 5, "fields": {"password": "pbkdf2_sha256$180000$LNuhC490Gz9B$G8DH72fq8eoAB9JJObk3wMcuQKKOc+lbqqCeRT+DDJM=", "last_login": null, "is_superuser": false, "username": "Shaq", "first_name": "Shaq", "last_name": "Just Shaq", "email": "shaq@shaq.shaq", "is_staff": false, "is_active": true, "date_joined": "2020-05-29T14:42:35.340Z", "groups": [], "user_permissions": []}}, {"model": "auth.user", "pk": 6, "fields": {"password": "pbkdf2_sha256$180000$DdYaq1jBR6y3$xgFynhiDUuQCFZrme/LpvZTeB/34ik+icsjznfZq4FY=", "last_login": null, "is_superuser": false, "username": "Shaqy", "first_name": "Shaqy", "last_name": "Just Shaq", "email": "shaq@shaq.shaq", "is_staff": false, "is_active": true, "date_joined": "2020-05-29T15:14:14.197Z", "groups": [], "user_permissions": []}}, {"model": "auth.user", "pk": 7, "fields": {"password": "pbkdf2_sha256$180000$L6oTsge1Uso2$y0qqaLDSytSmVFVYD5h4/lA1N1JYNps3DXeAg5+2Cds=", "last_login": null, "is_superuser": false, "username": "lksadfj", "first_name": "laksdjf", "last_name": "alskdfj", "email": "laksdf@lasdfkj.com", "is_staff": false, "is_active": true, "date_joined": "2020-06-02T14:26:12.355Z", "groups": [], "user_permissions": []}}, {"model": "authtoken.token", "pk": "0fff53cefe7697878f0b6aa017b0503306c7a38e", "fields": {"user": 4, "created": "2020-05-26T20:17:49.983Z"}}, {"model": "authtoken.token", "pk": "bc417152f4d95c3c2606ce77b74310f52d12936a", "fields": {"user": 5, "created": "2020-05-29T14:42:35.661Z"}}, {"model": "authtoken.token", "pk": "d6518ff0db597df31bc30a4edb2833238e3f0ff9", "fields": {"user": 7, "created": "2020-06-02T14:26:12.807Z"}}, {"model": "authtoken.token", "pk": "f126fe5cf501555ccf1c1226655f723a24f94c24", "fields": {"user": 6, "created": "2020-05-29T15:14:14.558Z"}}, {"model": "ecommerceapi.customer", "pk": 1, "fields": {"user": 1, "address": "123 Main Street", "phone_number": "615-342-2341"}}, {"model": "ecommerceapi.customer", "pk": 2, "fields": {"user": 2, "address": "456 Broadway", "phone_number": "234-553-3983"}}, {"model": "ecommerceapi.customer", "pk": 3, "fields": {"user": 3, "address": "789 Union Ave.", "phone_number": "222-232-2122"}}, {"model": "ecommerceapi.customer", "pk": 4, "fields": {"user": 4, "address": "123 Kitty Baby Blvd", "phone_number": "615-Babu-Cat"}}, {"model": "ecommerceapi.customer", "pk": 5, "fields": {"user": 5, "address": "676 Shaq Street", "phone_number": "Big-Shaq"}}, {"model": "ecommerceapi.customer", "pk": 6, "fields": {"user": 6, "address": "shaq", "phone_number": "big-shaq"}}, {"model": "ecommerceapi.customer", "pk": 7, "fields": {"user": 7, "address": "alskjdf", "phone_number": "alsdkfj"}}]